{
  "root_dir": "data/train",
  "img_size": [
    384,
    512
  ],
  "epochs": 10,
  "learning_rate": 0.008038322959545798,
  "stack_num": 10,
  "batch_size": 1,
  "max_signal": 50,
  "max_idler": 100,
  "out_channels": 1,
  "loss_weight_ssim": 0.7898639637897242,
  "loss_weight_mse": 0.1637805112249178,
  "loss_weight_perceptual": 0.40824447702857714,
  "in_channels": 15
}