{
  "root_dir": "data/train",
  "img_size": [
    512,
    384
  ],
  "epochs": 50,
  "learning_rate": 0.0012253662508134023,
  "stack_num": 10,
  "batch_size": 1,
  "max_signal": 50,
  "max_idler": 200,
  "out_channels": 1,
  "loss_weight_ssim": 1.6182960261483774,
  "loss_weight_mse": 0.3156446915981161,
  "loss_weight_perceptual": 0.1285347296882357,
  "in_channels": 25
}