{
  "root_dir": "data/train",
  "img_size": [
    512,
    384
  ],
  "epochs": 50,
  "learning_rate": 0.004192428085716113,
  "stack_num": 2,
  "batch_size": 1,
  "max_signal": 50,
  "max_idler": 100,
  "out_channels": 1,
  "loss_weight_ssim": 1.1657707547083023,
  "loss_weight_mse": 0.31192626143303537,
  "loss_weight_perceptual": 0.2040008952804979,
  "in_channels": 75
}