{
  "root_dir": "data/train",
  "img_size": [
    512,
    384
  ],
  "epochs": 50,
  "learning_rate": 0.0014434983416273986,
  "stack_num": 2,
  "batch_size": 1,
  "max_signal": 200,
  "max_idler": 50,
  "out_channels": 1,
  "loss_weight_ssim": 1.7629861942947773,
  "loss_weight_mse": 0.16866772014586523,
  "loss_weight_perceptual": 0.39621263127037,
  "in_channels": 125
}