{
  "root_dir": "data/train",
  "img_size": [
    512,
    384
  ],
  "epochs": 50,
  "learning_rate": 0.0011463776731134283,
  "stack_num": 10,
  "batch_size": 1,
  "max_signal": 50,
  "max_idler": 100,
  "out_channels": 1,
  "loss_weight_ssim": 1.4902929122764024,
  "loss_weight_mse": 0.18183620332465136,
  "loss_weight_perceptual": 0.37083968559597363,
  "in_channels": 15
}