{
  "root_dir": "data/train",
  "img_size": [
    512,
    384
  ],
  "epochs": 50,
  "learning_rate": 0.008043460831512536,
  "stack_num": 2,
  "batch_size": 1,
  "max_signal": 50,
  "max_idler": 100,
  "out_channels": 1,
  "loss_weight_ssim": 0.7377217124397644,
  "loss_weight_mse": 0.12093998894862759,
  "loss_weight_perceptual": 0.08344022328591783,
  "in_channels": 75
}