{
  "root_dir": "data/train",
  "img_size": [
    512,
    384
  ],
  "epochs": 50,
  "learning_rate": 0.00981094758501845,
  "stack_num": 2,
  "batch_size": 1,
  "max_signal": 50,
  "max_idler": 100,
  "out_channels": 1,
  "loss_weight_ssim": 0.5726799771818945,
  "loss_weight_mse": 0.20397642504743657,
  "loss_weight_perceptual": 0.024061473036620484,
  "in_channels": 75
}