{
  "root_dir": "data/train",
  "img_size": [
    512,
    384
  ],
  "epochs": 50,
  "learning_rate": 0.009647482066443145,
  "stack_num": 2,
  "batch_size": 1,
  "max_signal": 50,
  "max_idler": 100,
  "out_channels": 1,
  "loss_weight_ssim": 0.5238405793052436,
  "loss_weight_mse": 0.23038899634673965,
  "loss_weight_perceptual": 0.024638815272072158,
  "in_channels": 75
}