{
  "root_dir": "data/train",
  "img_size": [
    384,
    512
  ],
  "epochs": 1,
  "learning_rate": 0.0008390631933003814,
  "stack_num": 2,
  "batch_size": 1,
  "max_signal": 200,
  "max_idler": 200,
  "out_channels": 1,
  "loss_weight_ssim": 1.0340138909146912,
  "loss_weight_mse": 0.4877168710211122,
  "loss_weight_perceptual": 0.10101843357279651,
  "in_channels": 200
}