{
  "root_dir": "data/train",
  "img_size": [
    512,
    384
  ],
  "epochs": 50,
  "learning_rate": 0.008080906445137663,
  "stack_num": 2,
  "batch_size": 1,
  "max_signal": 50,
  "max_idler": 100,
  "out_channels": 1,
  "loss_weight_ssim": 0.7825714064858275,
  "loss_weight_mse": 0.26250429118519586,
  "loss_weight_perceptual": 0.20764574902410424,
  "in_channels": 75
}