{
  "root_dir": "data/train",
  "img_size": [
    512,
    384
  ],
  "epochs": 50,
  "learning_rate": 0.00045522410681477984,
  "stack_num": 20,
  "batch_size": 1,
  "max_signal": 100,
  "max_idler": 100,
  "out_channels": 1,
  "loss_weight_ssim": 1.1627255685085869,
  "loss_weight_mse": 0.0678868392006505,
  "loss_weight_perceptual": 0.14948102131546456,
  "in_channels": 10
}