{
  "root_dir": "data/train",
  "img_size": [
    384,
    512
  ],
  "epochs": 10,
  "learning_rate": 0.001723571671541765,
  "stack_num": 5,
  "batch_size": 1,
  "max_signal": 100,
  "max_idler": 50,
  "out_channels": 1,
  "loss_weight_ssim": 1.018914496388508,
  "loss_weight_mse": 0.3961965265768856,
  "loss_weight_perceptual": 0.048583139281005876,
  "in_channels": 30
}