{
  "root_dir": "data/train",
  "img_size": [
    512,
    384
  ],
  "epochs": 50,
  "learning_rate": 0.007290505148632272,
  "stack_num": 20,
  "batch_size": 1,
  "max_signal": 50,
  "max_idler": 100,
  "out_channels": 1,
  "loss_weight_ssim": 0.63617285791502,
  "loss_weight_mse": 0.20186647146774553,
  "loss_weight_perceptual": 0.16400351294506876,
  "in_channels": 7
}