{
  "root_dir": "data/train",
  "img_size": [
    512,
    384
  ],
  "epochs": 50,
  "learning_rate": 0.001407796489920532,
  "stack_num": 10,
  "batch_size": 1,
  "max_signal": 200,
  "max_idler": 100,
  "out_channels": 1,
  "loss_weight_ssim": 1.3362816342545585,
  "loss_weight_mse": 0.07172261721065257,
  "loss_weight_perceptual": 0.2988745945354538,
  "in_channels": 30
}