{
  "root_dir": "data/train",
  "img_size": [
    384,
    512
  ],
  "epochs": 50,
  "learning_rate": 0.003027362478751817,
  "stack_num": 10,
  "batch_size": 1,
  "max_signal": 200,
  "max_idler": 100,
  "out_channels": 1,
  "loss_weight_ssim": 1.0263078907431904,
  "loss_weight_mse": 0.48293966288263446,
  "loss_weight_perceptual": 0.06777307473308354,
  "in_channels": 30
}