{
  "root_dir": "data/train",
  "img_size": [
    512,
    384
  ],
  "epochs": 50,
  "learning_rate": 0.00972259963896145,
  "stack_num": 2,
  "batch_size": 1,
  "max_signal": 50,
  "max_idler": 100,
  "out_channels": 1,
  "loss_weight_ssim": 0.5659874737701063,
  "loss_weight_mse": 0.2190164171472556,
  "loss_weight_perceptual": 0.015354432202129807,
  "in_channels": 75
}