{
  "root_dir": "data/train",
  "img_size": [
    384,
    512
  ],
  "epochs": 1,
  "learning_rate": 0.001549628261559063,
  "stack_num": 5,
  "batch_size": 1,
  "max_signal": 200,
  "max_idler": 200,
  "out_channels": 1,
  "loss_weight_ssim": 1.6604440531507842,
  "loss_weight_mse": 0.2498175677105181,
  "loss_weight_perceptual": 0.25977494459901423,
  "in_channels": 80
}