{
  "root_dir": "data/train",
  "img_size": [
    512,
    384
  ],
  "epochs": 50,
  "learning_rate": 0.005706783650320642,
  "stack_num": 5,
  "batch_size": 1,
  "max_signal": 100,
  "max_idler": 200,
  "out_channels": 1,
  "loss_weight_ssim": 1.0392856035041222,
  "loss_weight_mse": 0.23310723414427056,
  "loss_weight_perceptual": 0.037416939917607465,
  "in_channels": 60
}