{
  "root_dir": "data/train",
  "img_size": [
    512,
    384
  ],
  "epochs": 50,
  "learning_rate": 0.009476037742889788,
  "stack_num": 2,
  "batch_size": 1,
  "max_signal": 50,
  "max_idler": 100,
  "out_channels": 1,
  "loss_weight_ssim": 0.5223189517152215,
  "loss_weight_mse": 0.24003895646835796,
  "loss_weight_perceptual": 0.49827084325344206,
  "in_channels": 75
}