{
  "root_dir": "data/train",
  "img_size": [
    512,
    384
  ],
  "epochs": 50,
  "learning_rate": 0.006339642578680734,
  "stack_num": 2,
  "batch_size": 1,
  "max_signal": 50,
  "max_idler": 100,
  "out_channels": 1,
  "loss_weight_ssim": 0.9722966962508517,
  "loss_weight_mse": 0.3885483709019783,
  "loss_weight_perceptual": 0.08336389294876476,
  "in_channels": 75
}