{
  "root_dir": "data/train",
  "img_size": [
    512,
    384
  ],
  "epochs": 50,
  "learning_rate": 0.008865518129087742,
  "stack_num": 5,
  "batch_size": 1,
  "max_signal": 50,
  "max_idler": 200,
  "out_channels": 1,
  "loss_weight_ssim": 0.9129513513247407,
  "loss_weight_mse": 0.285466727736027,
  "loss_weight_perceptual": 0.06982287617973762,
  "in_channels": 50
}