{
  "root_dir": "data/sample_data/train",
  "img_size": [
    384,
    512
  ],
  "epochs": 1,
  "learning_rate": 0.006424160267711887,
  "stack_num": 2,
  "batch_size": 1,
  "max_signal": 200,
  "max_idler": 200,
  "out_channels": 1,
  "loss_weight_ssim": 1.6363907525907762,
  "loss_weight_mse": 0.1246965872905922,
  "loss_weight_perceptual": 0.2847222359705993,
  "in_channels": 200
}