{
  "root_dir": "data/train",
  "img_size": [
    512,
    384
  ],
  "epochs": 50,
  "learning_rate": 0.003372636619672029,
  "stack_num": 20,
  "batch_size": 1,
  "max_signal": 100,
  "max_idler": 50,
  "out_channels": 1,
  "loss_weight_ssim": 1.7994599395111281,
  "loss_weight_mse": 0.48104255379514943,
  "loss_weight_perceptual": 0.304445297399624,
  "in_channels": 7
}