{
  "root_dir": "data/train",
  "img_size": [
    384,
    512
  ],
  "epochs": 50,
  "learning_rate": 0.007608570883416365,
  "stack_num": 5,
  "batch_size": 1,
  "max_signal": 200,
  "max_idler": 50,
  "out_channels": 1,
  "loss_weight_ssim": 0.5379344706728899,
  "loss_weight_mse": 0.36253065428256576,
  "loss_weight_perceptual": 0.2583806989463285,
  "in_channels": 50
}