{
  "root_dir": "data/train",
  "img_size": [
    512,
    384
  ],
  "epochs": 50,
  "learning_rate": 0.006238096102360328,
  "stack_num": 2,
  "batch_size": 1,
  "max_signal": 100,
  "max_idler": 50,
  "out_channels": 1,
  "loss_weight_ssim": 1.5802929415782798,
  "loss_weight_mse": 0.0399475852758772,
  "loss_weight_perceptual": 0.15686751633131232,
  "in_channels": 75
}